Sat Sep 01 01:30:51 +0000 2018,"RT @alicebiruta: ""MINHA PROPOSTA √â CLARA EU VOU MUDAR ISSO DA√ç TALKEI""

o adnet atingiu a perfei√ß√£o imitando o bolsonaro https://t.co/L3Qxs‚Ä¶"
Sat Sep 01 01:30:51 +0000 2018,"RT @rodrigo_rangel: Tudo indica que Fachin, sabendo que o resultado do julgamento est√° dado, resolveu fazer um gracejo ao PT e a Lula, que‚Ä¶"
Sat Sep 01 01:30:51 +0000 2018,RT @PastorMalafaia: ESSES PETISTAS TEM O DEM√îNIO DA MENTIRA! A conversa fiada q os direitos humanos da ONU pedem Lula livre. 2 dos 18 membr‚Ä¶
Sat Sep 01 01:30:51 +0000 2018,"RT @JotaInfo: Jorge Mussi afirma que Lula √© ineleg√≠vel, conforme a Lei da Ficha Limpa, e que decis√£o do Comit√™ de Direitos Humanos da ONU e‚Ä¶"
Sat Sep 01 01:30:51 +0000 2018,"RT @ValdekCosta: Decis√£o da ONU sobre Lula tem que ser cumprida, diz Instituto dos Advogados Brasileiros https://t.co/klqkM4cXi8 via @brasi‚Ä¶"
Sat Sep 01 01:30:51 +0000 2018,"RT @CleitoMoura: Impugna√ß√£o de Lula torna mais clara a persegui√ß√£o, e deixa claro a diferen√ßa entre homens e ratos."
Sat Sep 01 01:30:51 +0000 2018,"RT @luizguiprado: Se o Bolsonaro tivesse mesmo preocupado com crian√ßas ele tava discutindo projeto de amplia√ß√£o de creche, de amparo √† cria‚Ä¶"
Sat Sep 01 01:30:51 +0000 2018,"A direita tem que vencer! Bolsonaro √© √∫nico capaz de enfrentar essa corja mudar tudo..fora Fachin, Tofolli, Lewando‚Ä¶ https://t.co/IcF6pU643I"
Sat Sep 01 01:30:51 +0000 2018,"RT @HelioNogueiraTV: Ju√≠za determina multa de R$ 31 milh√µes a Lula no caso do tr√≠plex.

Conforme a decis√£o, o n√£o pagamento impedir√° a prog‚Ä¶"
Sat Sep 01 01:30:51 +0000 2018,RT @deltanmd: Recomendo acompanharem a an√°lise em tempo real de @rodrigoatenorio sobre o julgamento que o TSE est√° realizando neste momento‚Ä¶
Sat Sep 01 01:30:51 +0000 2018,"RT @leandroruschel: Pela postura de Fachin e de outros Ministros do STF, fica claro que n√£o h√° mais institui√ß√µes no Brasil.

N√£o entendo co‚Ä¶"
Sat Sep 01 01:30:51 +0000 2018,"RT @cinefilo_K: a ONU exige LULA candidato!!
por conta disso at√© o Fachin, que odeia o PT, concorda com a candidatura do LULA em respeito √†‚Ä¶"
Sat Sep 01 01:30:51 +0000 2018,"RT @MoisaPrado: Voc√™ foi visitado pela linguinha do Bolsonaro.

Repasse para evitar 4 anos de linguinha do Bolsonaro na TV. https://t.co/Td‚Ä¶"
Sat Sep 01 01:30:52 +0000 2018,"@CarlosCezar89 Longe de ser o ideal. Como mencionei anteriormente, o ideal seria o PT retirar a candidatura do Lula‚Ä¶ https://t.co/LRxiSaGPSj"
Sat Sep 01 01:30:52 +0000 2018,@GugaNoblat Circo de horrores. #LulaIneleg√≠vel #Lula√©Ineleg√≠vel
Sat Sep 01 01:30:52 +0000 2018,@PolitzOficial Quando Bolsonaro falou em aumentar pra 21 ministro √© pra igualar esse aparelhamento a√≠.
Sat Sep 01 01:30:52 +0000 2018,"RT @BlogDoPim: Edson Fachin, cabo eleitoral de Dilma Rousseff em 2010, revive os velhos tempos de milit√¢ncia petista e vota a favor de rasg‚Ä¶"
Sat Sep 01 01:30:52 +0000 2018,Dois.. #DireitaUnida #DIREITASEGUEDIREITA
Sat Sep 01 01:30:51 +0000 2018,"J√° perceberam que a maioria dos ilustres eram eleitores de Lula em alguma elei√ß√£o?
Sei, mudam de rota...
Oportunism‚Ä¶ https://t.co/4QaKzrP9mT"
Sat Sep 01 01:30:52 +0000 2018,"RT @br_molinasp: Parando pra pensar aqui... 
Se o @jairbolsonaro n√£o tivesse a coragem de dar a cara a tapa nessas elei√ß√µes, o que seria de‚Ä¶"
Sat Sep 01 01:30:52 +0000 2018,"RT @JotaInfo: Jorge Mussi afirma que Lula √© ineleg√≠vel, conforme a Lei da Ficha Limpa, e que decis√£o do Comit√™ de Direitos Humanos da ONU e‚Ä¶"
Sat Sep 01 01:30:52 +0000 2018,"RT @MoisaPrado: Voc√™ foi visitado pela linguinha do Bolsonaro.

Repasse para evitar 4 anos de linguinha do Bolsonaro na TV. https://t.co/Td‚Ä¶"
Sat Sep 01 01:30:52 +0000 2018,RT @BlogDoPim: S√£o Paulo √© Bolsonaro https://t.co/yEPVcuto02
Sat Sep 01 01:30:52 +0000 2018,"RT @cinefilo_K: a ONU exige LULA candidato!!
por conta disso at√© o Fachin, que odeia o PT, concorda com a candidatura do LULA em respeito √†‚Ä¶"
Sat Sep 01 01:30:52 +0000 2018,"RT @pauloap: Agora, no 3 em 1, o senhor @andreazzaeditor falou que o neg√≥cio do PCC no v√≠deo do Alckmin √© ""FAKE NEWS"" e algo gerado pra ben‚Ä¶"
Sat Sep 01 01:30:52 +0000 2018,"RT @visaomacro: Depois do impeachment da Dilma mantendo direitos pol√≠ticos temos Lula preso mas podendo ser candidato.

O STF √© definitivam‚Ä¶"
Sat Sep 01 01:30:53 +0000 2018,"RT @desatualidades: #LulaNasUrnasTSE

LULA J√Å GANHOU AS ELEI√á√ïES 2018!

Haddad-Manu subir√£o a rampa do Planalto

Dilma ser√° senadora por MG‚Ä¶"
Sat Sep 01 01:30:53 +0000 2018,"RT @afccontador: RONDONIENSES

Vejam quais foram os deputados que votaram para derrubar Dilma Rousseff, permitindo que o Brasil se transfor‚Ä¶"
Sat Sep 01 01:30:53 +0000 2018,RT @fabifbbr: Fachin parece abrir precedentes para futuras decis√µes do Comit√™ da ONU serem respeitadas pela justi√ßa brasileira! Mas em sua‚Ä¶
Sat Sep 01 01:30:53 +0000 2018,"RT @delucca: Podem tirar o nome de Lula das urnas, mas nunca conseguir√£o tirar seu nome da hist√≥ria do Brasil como o melhor presidente que‚Ä¶"
Sat Sep 01 01:30:53 +0000 2018,Os Bolsominions t√£o pirando na batatinha com medo do TSE liberar a candidatura do Lula. ü§£ü§£ü§£
Sat Sep 01 01:30:53 +0000 2018,RT @DeboraHoffHoff: Q vergonha internacional https://t.co/zGcQFilNQt
Sat Sep 01 01:30:53 +0000 2018,"RT @JotaInfo: Jorge Mussi afirma que Lula √© ineleg√≠vel, conforme a Lei da Ficha Limpa, e que decis√£o do Comit√™ de Direitos Humanos da ONU e‚Ä¶"
Sat Sep 01 01:30:53 +0000 2018,RT @rtcontrafavs: BOB ESPONJA OU BOLSONARO? https://t.co/L0ldXzDcmb
Sat Sep 01 01:30:53 +0000 2018,"RT @AvancaNordeste: Uma circular atribu√≠da ao Comando Vermelho do Cear√° que pro√≠be candidatos sa√≠dos das corpora√ß√µes militares, entre eles‚Ä¶"
Sat Sep 01 01:30:53 +0000 2018,Olha a pilantragem do eleitor do Alvaro Dias!! Bolsonaro √© 17!!
Sat Sep 01 01:30:53 +0000 2018,"RT @conexaopolitica: URGENTE: A vota√ß√£o decisiva sobre candidatura de Lula est√° empatada. Barroso contra, Fachin a favor. Agora vota o mini‚Ä¶"
Sat Sep 01 01:30:53 +0000 2018,"RT @JoelAlexandreM: Jornal Nacional mostra Jair Bolsonaro em Porto Velho/Ro

#LulaInelegivel #DeusFamiliaBrasil https://t.co/AXb4ExVnBa"
Sat Sep 01 01:30:54 +0000 2018,"@rafaelmartelo Bora l√° .. Lula laaa
#LulaNasUrnasTSE"
Sat Sep 01 01:30:53 +0000 2018,"RT @alicebiruta: ""MINHA PROPOSTA √â CLARA EU VOU MUDAR ISSO DA√ç TALKEI""

o adnet atingiu a perfei√ß√£o imitando o bolsonaro https://t.co/L3Qxs‚Ä¶"
Sat Sep 01 01:30:54 +0000 2018,RT @kimpkat: Vit√≥ria! O ministro Barroso considerou minha a√ß√£o para impugnar a candidatura de Lula PROCEDENTE. Lugar de bandido √© na cadeia‚Ä¶
Sat Sep 01 01:30:54 +0000 2018,"RT @ToniBulhoes: N√£o tem pre√ßo ver Ministro Barroso impugnar a candidatura de Lula, citando Alexandre Frota e Kim Kataguiri.

O Judici√°rio‚Ä¶"
Sat Sep 01 01:30:54 +0000 2018,"RT @joaoamoedonovo: ""Amo√™do conseguiu um feito consider√°vel: seduziu setores da classe m√©dia, conquistou eleitores cansados da velha pol√≠ti‚Ä¶"
Sat Sep 01 01:30:54 +0000 2018,"RT @blasinjunior: Q linda est√° Lula princesa 

GRACIAS RENATO Y GABRIEL"
Sat Sep 01 01:30:54 +0000 2018,@twinter_net O √≠ndice de rejei√ß√£o do Bolsonaro est√° acima de 60% muito dif√≠cil ganhar de algu√©m
Sat Sep 01 01:30:54 +0000 2018,O ministro Jorge Mussi se encaminha para a conclus√£o de seu voto: mais um contra o registro de Lula.
Sat Sep 01 01:30:54 +0000 2018,"RT @diegoescosteguy: Apesar da celeuma com o voto de Fachin, os demais ministros do TSE devem seguir Barroso por ampla maioria - e rejeitar‚Ä¶"
Sat Sep 01 01:30:54 +0000 2018,@deltanmd Vai esperando a apura√ß√£o das urnas fraudulentas para tomarem um decis√£o forte. Eles tem que liberar o nom‚Ä¶ https://t.co/cQjBhMBrHM
Sat Sep 01 01:30:54 +0000 2018,"RT @mdenser: Mas com a aprova√ß√£o agora da terceiriza√ß√£o irrestrita pelo STF do Golpe, o Lula/ Haddad/PT ganham tranquilamente com 51% no pr‚Ä¶"
Sat Sep 01 01:30:55 +0000 2018,"RT @JuMagalhaesBH: Por isso ou √© Bolsonaro ou continuar√° (se n√£o piorar) a mesma coisa. 
O que vcs querem, afinal? https://t.co/0lhtnY0VqH"
Sat Sep 01 01:30:54 +0000 2018,Gostei de um v√≠deo @YouTube https://t.co/y2FaWiLMxR DIRIA!!! Esquerda americana compara Bolsonaro a Trump e teme sua vit√≥ria
Sat Sep 01 01:30:55 +0000 2018,"RT @cyrusafa: ~desafia Barroso~

RISOS https://t.co/3w5bW6txiC"
Sat Sep 01 01:30:55 +0000 2018,@joelfonseca68 Voc√™ tem as provas dos crimes do @LULA ou √© s√≥ mais um que faz o servi√ßo sujo pela boca.
Sat Sep 01 01:30:55 +0000 2018,"RT @JotaInfo: Jorge Mussi afirma que Lula √© ineleg√≠vel, conforme a Lei da Ficha Limpa, e que decis√£o do Comit√™ de Direitos Humanos da ONU e‚Ä¶"
Sat Sep 01 01:30:55 +0000 2018,Ah algu√©m com coer√™ncia üòê
Sat Sep 01 01:30:55 +0000 2018,"RT @eumesmavivi: Isso √© bom. üòä
 https://t.co/BTJCR7UCWq"
Sat Sep 01 01:30:55 +0000 2018,"RT @alicebiruta: ""MINHA PROPOSTA √â CLARA EU VOU MUDAR ISSO DA√ç TALKEI""

o adnet atingiu a perfei√ß√£o imitando o bolsonaro https://t.co/L3Qxs‚Ä¶"
Sat Sep 01 01:30:55 +0000 2018,"RT @Paulimbh: Min. Fachin, contrariando temporariamente o Barroso, votou por dar tempo a Lula. Ele √© pela inelegibilidade, mas aceita a ONU."
Sat Sep 01 01:30:55 +0000 2018,"RT @luizguiprado: Se o Bolsonaro tivesse mesmo preocupado com crian√ßas ele tava discutindo projeto de amplia√ß√£o de creche, de amparo √† cria‚Ä¶"
Sat Sep 01 01:30:55 +0000 2018,"RT @rodrigo_rangel: Tudo indica que Fachin, sabendo que o resultado do julgamento est√° dado, resolveu fazer um gracejo ao PT e a Lula, que‚Ä¶"
Sat Sep 01 01:30:56 +0000 2018,Nem a turma pro Lula e contra Lula briga tanto qnt o time pro Beto e contra Beto.
Sat Sep 01 01:30:56 +0000 2018,"RT @JotaInfo: Jorge Mussi afirma que Lula √© ineleg√≠vel, conforme a Lei da Ficha Limpa, e que decis√£o do Comit√™ de Direitos Humanos da ONU e‚Ä¶"
Sat Sep 01 01:30:56 +0000 2018,"RT @Ary_AntiPT: Os votos que Alvaro Dias acaba de perder
https://t.co/Bqa4QFErCi

Brasil #LulaInelegivel 1X1 Fachin enfiando a Lei da Ficha‚Ä¶"
Sat Sep 01 01:30:55 +0000 2018,"RT @servio_bb: Fachin esta fazendo o Brasil passar vergonha!
@TSEjusbr @exercitooficial https://t.co/TiXPluRGEr"
Sat Sep 01 01:30:55 +0000 2018,RT @Bopressor20: Esse √© o tipo do v√≠deo que se viralizar vai fazer o Bolsonaro ser eleito no primeiro turno. https://t.co/9tDZWehkVK
Sat Sep 01 01:30:55 +0000 2018,PRA ELE S√ì SERVE PARA LIMPAR A BUNDA...
Sat Sep 01 01:30:56 +0000 2018,"RT @leandroruschel: Pela postura de Fachin e de outros Ministros do STF, fica claro que n√£o h√° mais institui√ß√µes no Brasil.

N√£o entendo co‚Ä¶"
Sat Sep 01 01:30:56 +0000 2018,#LulaIneleg√≠vel
Sat Sep 01 01:30:56 +0000 2018,"RT @macunaimaz: QUE VERGONHA FACHIN

LULA √â BANDIDO E PRESIDI√ÅRIO.

ACATAR DECIS√ÉO DA ONU √â SIMPLESMENTE VEXAT√ìRIO !

#LulaInelegivel https‚Ä¶"
Sat Sep 01 01:30:56 +0000 2018,"RT @augustodefranco: Se Lula, ficha suja, for autorizado a concorrer, a sociedade brasileira n√£o vai aceitar a decis√£o. Haver√° crise pol√≠ti‚Ä¶"
Sat Sep 01 01:30:56 +0000 2018,RT @conexaopolitica: ULTIMAS: Surpresa? Bolsonaro cresce em campanha eleitoral e impressiona https://t.co/hZx2QVIkpa
Sat Sep 01 01:30:56 +0000 2018,RT @ManuelaDavila: Voto de Barroso n√£o √© s√≥ um ataque aos direitos pol√≠ticos do presidente Lula. √â a cassa√ß√£o do direito de escolha do povo‚Ä¶
Sat Sep 01 01:30:56 +0000 2018,"RT @calu_barros: Alexandre Frota foi um dos cidad√£os que pediram a inelegibilidade do Lula. 
O nome dele foi citado agora pouco no TSE.
Fro‚Ä¶"
Sat Sep 01 01:30:56 +0000 2018,"RT @delucca: Fachin dizendo o que todo mundo que √© minimamente razo√°vel sabe: Lula tem direito de ser candidato! #LulaNasUrnasTSE

https://‚Ä¶"
Sat Sep 01 01:30:56 +0000 2018,RT @Bopressor20: Esse √© o tipo do v√≠deo que se viralizar vai fazer o Bolsonaro ser eleito no primeiro turno. https://t.co/9tDZWehkVK
Sat Sep 01 01:30:56 +0000 2018,@BBarbaraBarreto Vamos trabalhar junto com o Fachin contra o Bolsonaro.
Sat Sep 01 01:30:56 +0000 2018,RT @Bopressor20: Esse √© o tipo do v√≠deo que se viralizar vai fazer o Bolsonaro ser eleito no primeiro turno. https://t.co/9tDZWehkVK
Sat Sep 01 01:30:56 +0000 2018,"RT @boluttordio: dios no t la puedo creer q hasta nos hayan estafado con la banda de los chicos. los funking beaters son junior, lula, dant‚Ä¶"
Sat Sep 01 01:30:56 +0000 2018,"RT @JotaInfo: Jorge Mussi afirma que Lula √© ineleg√≠vel, conforme a Lei da Ficha Limpa, e que decis√£o do Comit√™ de Direitos Humanos da ONU e‚Ä¶"
Sat Sep 01 01:30:56 +0000 2018,eu achava o adnet um genio nas epocas da mtv e agora essa admira√ß√£o voltou
Sat Sep 01 01:30:56 +0000 2018,"RT @LulaOficial: Assista ao programa eleitoral de Lula Presidente que Barroso tem medo que passe na TV. Mostre para os amigos, compartilhe.‚Ä¶"
Sat Sep 01 01:30:56 +0000 2018,@edivaldo_pego @TSEjusbr #lula‚ù§Ô∏è‚ù§Ô∏è‚ù§Ô∏è‚ù§Ô∏è
Sat Sep 01 01:30:56 +0000 2018,"@andreazzaeditor Enquanto isso vem.uma pessoa e pergunta: "" vc j√° ouviu falar do NOVO""?
....
V√° para a ............‚Ä¶ https://t.co/qHRC8e8KUu"
Sat Sep 01 01:30:57 +0000 2018,"RT @hoseokway: tirar nota baixa d√≥i mas voc√™ j√° escutou de algu√©m dos seus parentes que vai votar no bolsonaro? 

bicho uma facada doeria m‚Ä¶"
Sat Sep 01 01:30:57 +0000 2018,"RT @Sportehphoda: @folha ALCKMIN √© um LADR√ÉO, mas essa turma de BOLSONARO acha que o ferreiro s√≥ fez rev√≥lver para eles... BUND√ÉO tamb√©m...‚Ä¶"
Sat Sep 01 01:30:57 +0000 2018,RT @ManuelaDavila: Voto de Barroso n√£o √© s√≥ um ataque aos direitos pol√≠ticos do presidente Lula. √â a cassa√ß√£o do direito de escolha do povo‚Ä¶
Sat Sep 01 01:30:57 +0000 2018,RT @MidiaNINJA: Fachin vota pela manuten√ß√£o da candidatura de Lula ao citar recomenda√ß√£o da ONU para que tenha seus direitos pol√≠ticos gara‚Ä¶
Sat Sep 01 01:30:57 +0000 2018,#LulaNasUrnasTSE
Sat Sep 01 01:30:57 +0000 2018,"RT @Gustavoboeiraaa: Bolsonaro Presidente do Brasil

Eu: https://t.co/jqSKv0efT5"
Sat Sep 01 01:30:57 +0000 2018,RT @tarlouze: TSE se transforma em tribunal de exce√ß√£o para cassar Lula; ao vivo https://t.co/1RstERU5KA
Sat Sep 01 01:30:57 +0000 2018,#LulaNasUrnasTSE
Sat Sep 01 01:30:57 +0000 2018,RT @g1: AO VIVO: Fachin vota por reconhecer candidatura de Lula √† Presid√™ncia citando recomenda√ß√£o da ONU; siga ==&gt; https://t.co/jQzymQdoIU‚Ä¶
Sat Sep 01 01:30:57 +0000 2018,"RT @LuisCaval1: Lula n√£o √© um condenadinho qualquer, ele foi condenado por crimes de corrup√ß√£o e lavagem de dinheiro QUANDO ERA presidente!‚Ä¶"
Sat Sep 01 01:30:57 +0000 2018,"RT @LuisCaval1: Essa decis√£o do comit√™ dos direitos humanos da ONU sobre a candidatura do Lula √© a maior piada da face da Terra, mas o Fach‚Ä¶"
Sat Sep 01 01:30:58 +0000 2018,"RT @artur_slo: Mulheres, a m√≠dia vem propagando a id√©ia que o g√™nero feminino ODEIA o Bolsonaro.
Isso √© verdade?
Por favor, apresentem-se.‚Ä¶"
Sat Sep 01 01:30:57 +0000 2018,RT @Smith_Hays: Edson Fachin dizendo que o comit√™ da ONU vale alguma coisa??? ISSO √â UM ABSURDO! Ainda mais para o relator da Lava Jato! Ge‚Ä¶
Sat Sep 01 01:30:57 +0000 2018,@HenriqueFontana Eu conhe√ßo tantas hist√≥rias reais de como a vida das pessoas melhorou depois do Lula que isso me f‚Ä¶ https://t.co/f9VRNpx94t
Sat Sep 01 01:30:58 +0000 2018,"RT @MBLivre: URGENTE: Barroso considera a√ß√£o de impugna√ß√£o de @kimpkat contra Lula PROCEDENTE. Boa, Kim! #LulaInelegivel"
Sat Sep 01 01:30:58 +0000 2018,"RT @PolitzOficial: #ATEN√á√ÉO NO #TSE:

Min. Jorge Mussi afirma que Luiz In√°cio Lula da Silva est√° ineleg√≠vel, conforme a Lei da Ficha Limpa.‚Ä¶"
Sat Sep 01 01:30:58 +0000 2018,"RT @dos_ronnie: Essa advogada falou muito bem e explicou de forma transparente pq Lula n√£o √© e nem poder√° ser candidato...
#LulaIneleg√≠vel‚Ä¶"
Sat Sep 01 02:14:19 +0000 2018,"RT @rehventura: Uai, a√≠ fica dif√≠cil. T√° assumindo que n√£o deu tempo de ler a porra toda e t√° querendo julgar? https://t.co/GsyNiwGFpt"
Sat Sep 01 02:14:19 +0000 2018,RT @Estadao: URGENTE: TSE forma maioria para barrar candidatura de Lula https://t.co/AqOQz5ktHP -via @EstadaoPolitica https://t.co/MShcFaY5‚Ä¶
Sat Sep 01 02:14:19 +0000 2018,"T√¥ falando com Yan pelo c√©lula da Duda,  bateu uma sdds deleeeeüíô"
Sat Sep 01 02:14:20 +0000 2018,"RT @ToniBulhoes: N√£o tem pre√ßo ver Ministro Barroso impugnar a candidatura de Lula, citando Alexandre Frota e Kim Kataguiri.

O Judici√°rio‚Ä¶"
Sat Sep 01 02:14:20 +0000 2018,"RT @Desesquerdizada: No TSE: Admar Gonzaga Neto confirma voto CONTRA a candidatura do criminoso Lula.
ACABOU! ACABOU! ACABOU! √â TETRA! √â TE‚Ä¶"
Sat Sep 01 02:14:20 +0000 2018,#LulaIneleg√≠vel lula se sobrar mortadela levo o vc üòÇüòÇüòÇüòÇ
Sat Sep 01 02:14:20 +0000 2018,"RT @UltimasBrasil: URGENTE: Maioria do Tribunal Superior Eleitoral nega o registro de candidatura de Lula √† presid√™ncia.
Julgamento est√° em‚Ä¶"
Sat Sep 01 02:14:20 +0000 2018,"RT @ToniBulhoes: N√£o tem pre√ßo ver Ministro Barroso impugnar a candidatura de Lula, citando Alexandre Frota e Kim Kataguiri.

O Judici√°rio‚Ä¶"
Sat Sep 01 02:14:20 +0000 2018,RT @conexaopolitica: ULTIMAS: Surpresa? Bolsonaro cresce em campanha eleitoral e impressiona https://t.co/hZx2QVIkpa
Sat Sep 01 02:14:20 +0000 2018,VIT√ìRIA DA LUZ!!! üòâüëçüëèüëèüëèüëèüëèüëèüëèüëèüëèüëèüëèüëè
Sat Sep 01 02:14:20 +0000 2018,TSE forma maioria e Lula n√£o pode ser candidato Por ora 4x1
Sat Sep 01 02:14:20 +0000 2018,RT @PastorMalafaia: ESSES PETISTAS TEM O DEM√îNIO DA MENTIRA! A conversa fiada q os direitos humanos da ONU pedem Lula livre. 2 dos 18 membr‚Ä¶
Sat Sep 01 02:14:20 +0000 2018,Fachin FILHO DA PUTA
Sat Sep 01 02:14:20 +0000 2018,"√öltimo tu√≠te sobre o tema? A condena√ß√£o do Lula o torna ineleg√≠vel. O comit√™ da ONU lhe permitiu concorrer, mas n√£o‚Ä¶ https://t.co/kRFbKHS5dQ"
Sat Sep 01 02:14:20 +0000 2018,"RT @rosaneoliveira: TSE j√° tem maioria pelo indeferimento do registro da candidatura de Lula, com base na Lei da Ficha Limpa. Placar de 4x1."
Sat Sep 01 02:14:20 +0000 2018,RT @Desesquerdizada: Lula preso e fora das elei√ß√µes! https://t.co/KEmcaUmeUp
Sat Sep 01 02:14:20 +0000 2018,"ACHEI FACIL, CHUPA LULA"
Sat Sep 01 02:14:20 +0000 2018,"RT @PolitzOficial: #TSE:

Com o voto de Admar Gongaza, a maioria foi formada com o 4x1.

Lula est√° definitivamente ineleg√≠vel e a desgra√ßa‚Ä¶"
Sat Sep 01 02:14:20 +0000 2018,"RT @elpais_brasil: AO VIVO | Fachin d√° giro no voto e diz que a decis√£o do comit√™ do ONU deve ser acatada: ou seja, Lula pode disputar: 1 x‚Ä¶"
Sat Sep 01 02:14:20 +0000 2018,RT @Matos__Debora: Que vergonha Brasil.... https://t.co/N3Kug7fYaT
Sat Sep 01 02:14:20 +0000 2018,"RT @joicehasselmann: TSE julga esc√°rnio dos esc√°rnios hoje e decide se o bandido, corrupto, ladr√£o e presidi√°rio Lula pode ser candidato. Q‚Ä¶"
Sat Sep 01 02:14:20 +0000 2018,RT @Ilisp_org: TSE impede candidatura do criminoso Lula com base na Lei da Ficha¬†Limpa https://t.co/NgiqmXX8BF https://t.co/9N5klkQvVb
Sat Sep 01 02:14:21 +0000 2018,RT @KeniiiL: BOTA LULA NA PRESID√äNCIA PORRA
Sat Sep 01 02:14:21 +0000 2018,RT @ezhalfi: Chau querido https://t.co/Tx7Qjlaj99
Sat Sep 01 02:14:21 +0000 2018,"RT @gazetadopovo: 4 a 1 no placar 
Com o voto de Admar Gonzaga, TSE rejeita candidatura de Lula. 
Ainda restam dois ministros para votar. S‚Ä¶"
Sat Sep 01 02:14:21 +0000 2018,RT @joanatreptow: Daqui a pouquinho no Caf√© vamos falar sobre a determina√ß√£o da justi√ßa federal para que o ex-presidente Lula pague mais de‚Ä¶
Sat Sep 01 02:14:21 +0000 2018,"RT @diegoescosteguy: Admar, todos na corte e seus colegas esperam neste momento, far√° 4 a 1, definindo o julgamento. Se votar em favor do p‚Ä¶"
Sat Sep 01 02:14:21 +0000 2018,"LULA PRESIDENTE DE NOVO, PARA O BRASIL SER UM PA√çS DO POVO‚ùó‚ù§ https://t.co/RlgnMG4LNE via @YouTube"
Sat Sep 01 02:14:21 +0000 2018,Deus √© mesmo Brasileiro.... üôåüëèüëèüëèüëèüëè
Sat Sep 01 02:14:21 +0000 2018,"RT @Desesquerdizada: No TSE: Admar Gonzaga Neto confirma voto CONTRA a candidatura do criminoso Lula.
ACABOU! ACABOU! ACABOU! √â TETRA! √â TE‚Ä¶"
Sat Sep 01 02:14:21 +0000 2018,Lula preso e fora das elei√ß√µes. A carreira politica est√° literalmente chegando ao fim. #LulaInelegivel
Sat Sep 01 02:14:21 +0000 2018,"RT @Gustavoboeiraaa: Bolsonaro Presidente do Brasil

Eu: https://t.co/jqSKv0efT5"
Sat Sep 01 02:14:21 +0000 2018,RT @Estadao: URGENTE: TSE forma maioria para barrar candidatura de Lula https://t.co/AqOQz5ktHP -via @EstadaoPolitica https://t.co/MShcFaY5‚Ä¶
Sat Sep 01 02:14:21 +0000 2018,"RT @PolitzOficial: #TSE:

Com o voto de Admar Gongaza, a maioria foi formada com o 4x1.

Lula est√° definitivamente ineleg√≠vel e a desgra√ßa‚Ä¶"
Sat Sep 01 02:14:21 +0000 2018,"üé∂üéµüòÇAcredito ser o mais valente
Nesta luta do rochedo com o mar e com o mar
√â hoje o dia da alegria e a tristeza
Nem‚Ä¶ https://t.co/dAcTeX6UpY"
Sat Sep 01 02:14:21 +0000 2018,"RT @LuisCaval1: Essa decis√£o do comit√™ dos direitos humanos da ONU sobre a candidatura do Lula √© a maior piada da face da Terra, mas o Fach‚Ä¶"
Sat Sep 01 02:14:21 +0000 2018,RT @PerolasdaNBA: chora brother @LulaOficial !!! fui 5 vezes a Bras√≠lia falar com vc!!! vai perder para o limitad√≠ssimo bolsonaro !!! chora‚Ä¶
Sat Sep 01 02:14:21 +0000 2018,"RT @pauloeduwcski: queridinhos, se vcs n√£o sabem nada de direito, procedimentos, publica√ß√£o etc e melhor n√£o falar bobagens... barroso √© 1‚Ä¶"
Sat Sep 01 02:14:21 +0000 2018,Kkkkkk chupa !!!  Lula livre
Sat Sep 01 02:14:21 +0000 2018,Como era de se esperar n√£o teremos Lula candidato
Sat Sep 01 02:14:22 +0000 2018,"RT @muylaerte: Edson Fachin tentou peitar orienta√ß√£o de Temer contra a determina√ß√£o do comit√™ ONU. Seguiu a narrativa de Haddad, que disse‚Ä¶"
Sat Sep 01 02:14:22 +0000 2018,"Um absurdo ter essa vota√ß√£o pra confirmar a inelegibilidade do Lula, mas temos que comemorar a vit√≥ria. A justi√ßa b‚Ä¶ https://t.co/tS2orhAwVB"
Sat Sep 01 02:14:22 +0000 2018,RT @ValerioMazzuoli: N√£o vou entrar no m√©rito do tema do dia (registro da candidatura de Lula). Apenas vou dizer aos estudantes de direito‚Ä¶
Sat Sep 01 02:14:22 +0000 2018,"RT @EstranhoSemNome: ESSE FILHO DA PUTA, LADRAO, CANALHA, PRESIDIARIO, NAO SERA CANDIDATOOOOOOOOOOOOOOOOO

CHUPAAAAAAAAAAA PETRALHADA MISER‚Ä¶"
Sat Sep 01 02:14:22 +0000 2018,Lugar de terrorista e corrupto √© na cadeia!
Sat Sep 01 02:14:22 +0000 2018,"RT @IrmaosDeDireita: Lista de perfis pagos pelo PT pra voce ZUAR caso lula continue inelegivel :

$5gu
$Analice
$anavilarinno
$brunafeia
$c‚Ä¶"
Sat Sep 01 02:14:22 +0000 2018,RT @Estadao: URGENTE: TSE forma maioria para barrar candidatura de Lula https://t.co/AqOQz5ktHP -via @EstadaoPolitica https://t.co/MShcFaY5‚Ä¶
Sat Sep 01 02:14:22 +0000 2018,"RT @folha: Em resposta a Alckmin, filho de Bolsonaro publica que ""vai mudar sistema corrupto nem que seja na bala' e depois apaga https://t‚Ä¶"
Sat Sep 01 02:14:22 +0000 2018,RT @camilabomfim: Olha a√≠: https://t.co/TLBMYHOpG4
Sat Sep 01 02:14:22 +0000 2018,RT @o_antagonista: ADMAR TAMB√âM VETA LULA https://t.co/D5nfjYv90o https://t.co/D5nfjYv90o
Sat Sep 01 02:14:22 +0000 2018,RT @JotaInfo: Admar Gonzaga diz que decis√£o do Comit√™ de Direitos Humanos da ONU n√£o reverte enquadramento de Lula na Lei da Ficha Limpa. C‚Ä¶
Sat Sep 01 02:14:22 +0000 2018,Um FDP destes tem direito a vota√ß√£o?
Sat Sep 01 02:14:22 +0000 2018,RT @muylaerte: Acabou. TSE barra registro de candidatura de Lula. Presidi√°rio est√° fora da elei√ß√£o https://t.co/fCmVzEy8Np https://t.co/hrh‚Ä¶
Sat Sep 01 02:14:22 +0000 2018,RT @Desesquerdizada: Lula preso e fora das elei√ß√µes! https://t.co/KEmcaUmeUp
Sat Sep 01 02:14:22 +0000 2018,URGENTE: Maioria do TSE rejeita candidatura de Lula; julgamento continua ==&gt; https://t.co/jQzymQdoIU #G1 https://t.co/Yw0kcbmevo
Sat Sep 01 02:14:22 +0000 2018,"4x1. J√° era, Lula est√° ineleg√≠vel! N√£o h√° choro e nem velas, embora o choro seja livre. Obrigado, de nada. #LulaInelegivel #pas"
Sat Sep 01 02:14:22 +0000 2018,"RT @cristofer241: Os votos que √Ålvaro Dias acaba de perder

A defesa abilolada que Edson Fachin fez da candidatura de Lula decepcionou os e‚Ä¶"
Sat Sep 01 02:14:22 +0000 2018,N√£o vai ter Lula na Elei√ß√£o.
Sat Sep 01 02:14:22 +0000 2018,Chupa @LulaOficial
Sat Sep 01 02:14:23 +0000 2018,"LULA PRESIDENTE
 LULA PRESIDENT
 LULA PRESIDEN
 LULA PRESIDE
 LULA PRESID
 LULA PRESI
 LULA PRES
 LULA PRE
 LULA PR‚Ä¶ https://t.co/9WgSJXAQkT"
Sat Sep 01 02:14:23 +0000 2018,"RT @RenovaMidia: #URGENTE

A maioria do Tribunal Superior Eleitoral (TSE) j√° rejeitou o registro da candidatura ao Planalto do presidi√°rio‚Ä¶"
Sat Sep 01 02:14:23 +0000 2018,RT @Estadao: URGENTE: TSE forma maioria para barrar candidatura de Lula https://t.co/AqOQz5ktHP -via @EstadaoPolitica https://t.co/MShcFaY5‚Ä¶
Sat Sep 01 02:14:23 +0000 2018,"HADDAD √â LULA
LULA √â HADDAD ‚úî"
Sat Sep 01 02:14:23 +0000 2018,"#LulaIneleg√≠vel 
Kkkkkkkk Luladrao , A justi√ßa estar sendo feito. O Brasil ainda tem jeito.
Bolsonaro 17"
Sat Sep 01 02:14:23 +0000 2018,RT @MidiaNINJA: Fachin vota pela manuten√ß√£o da candidatura de Lula ao citar recomenda√ß√£o da ONU para que tenha seus direitos pol√≠ticos gara‚Ä¶
Sat Sep 01 02:14:23 +0000 2018,"Depois vivemos em uma democracia, na verdade vivemos na total falta de respeito √† elei√ß√µes e manifesta√ß√µes livres!!‚Ä¶ https://t.co/WzwSEwKAmy"
Sat Sep 01 02:14:23 +0000 2018,"RT @SchuldinerSieg: √â impress√£o minha ou o FILHO DA PUTA do Fachin NEGOU AS LEIS DO PA√çS em resposta a um relat√≥rio nada ONU?

ENTENDERAM P‚Ä¶"
Sat Sep 01 02:14:23 +0000 2018,"Chuuuuuupa LULA VAGABUNDO MARGINAL!

4x1 a favor da impugna√ß√£o da candidatura do MARGINAL!

#LulaInelegivel"
Sat Sep 01 02:14:23 +0000 2018,RT @BlogDoPim: O n√≠vel de vassalagem de Edson Fachin para levar a s√©rio uma ‚Äúsolicita√ß√£o‚Äù (como diz a pr√≥pria nota) de um subcomit√™ de comi‚Ä¶
Sat Sep 01 02:14:23 +0000 2018,RT @Ilisp_org: TSE impede candidatura do criminoso Lula com base na Lei da Ficha¬†Limpa https://t.co/NgiqmXX8BF https://t.co/9N5klkQvVb
Sat Sep 01 02:14:23 +0000 2018,N√£o vai ter Lula.
Sat Sep 01 02:14:23 +0000 2018,"RT @PolitzOficial: #TSE:

Com o voto de Admar Gongaza, a maioria foi formada com o 4x1.

Lula est√° definitivamente ineleg√≠vel e a desgra√ßa‚Ä¶"
Sat Sep 01 02:14:23 +0000 2018,"RT @luizguiprado: Se o Bolsonaro tivesse mesmo preocupado com crian√ßas ele tava discutindo projeto de amplia√ß√£o de creche, de amparo √† cria‚Ä¶"
Sat Sep 01 02:14:23 +0000 2018,"RT @ronielton: #LulaNasUrnasTSE
LULA PRESIDENTE
 LULA PRESIDENT
 LULA PRESIDEN
 LULA PRESIDE
 LULA PRESID
 LULA PRESI
 LULA PRES {13¬™ Vara‚Ä¶"
Sat Sep 01 02:14:23 +0000 2018,"RT @BavarescoJr: Uma das decis√µes mais absurdas que j√° vi ! Dar direito a um preso de ser candidato √† presid√™ncia, porque a ONU exige ! O q‚Ä¶"
Sat Sep 01 02:14:23 +0000 2018,Esperado n√©!
Sat Sep 01 02:14:23 +0000 2018,RT @elpais_brasil: URGENTE | Maioria do TSE barra candidatura de Lula √† presid√™ncia
Sat Sep 01 02:14:23 +0000 2018,parabens tse por eleger o bolsonaro
Sat Sep 01 02:14:23 +0000 2018,"RT @Desesquerdizada: No TSE: Admar Gonzaga Neto confirma voto CONTRA a candidatura do criminoso Lula.
ACABOU! ACABOU! ACABOU! √â TETRA! √â TE‚Ä¶"
Sat Sep 01 02:14:24 +0000 2018,"RT @GeneralGirao: Aos cidad√£os do RN,o Presidente Bolsonaro saber√° reconstruir e unificar o Brasil por inteiro,mesmo com eventuais governos‚Ä¶"
Sat Sep 01 02:14:24 +0000 2018,"RT @diegoescosteguy: Apesar da celeuma com o voto de Fachin, os demais ministros do TSE devem seguir Barroso por ampla maioria - e rejeitar‚Ä¶"
Sat Sep 01 02:14:24 +0000 2018,"@Estadao @brdezoito Apesar da celeuma com o voto de Fachin, os demais ministros do TSE devem seguir o Ministro ‚öñÔ∏èBa‚Ä¶ https://t.co/vIhlb6htOo"
Sat Sep 01 02:14:24 +0000 2018,RT @Ilisp_org: TSE impede candidatura do criminoso Lula com base na Lei da Ficha¬†Limpa https://t.co/NgiqmXX8BF https://t.co/9N5klkQvVb
Sat Sep 01 02:14:24 +0000 2018,RT @folha: Maioria do TSE vota contra a candidatura de Lula; acompanhe https://t.co/ksKHhpYMqQ https://t.co/xItmC7mzB2
Sat Sep 01 02:14:24 +0000 2018,"RT @marianatripode: O Brasil √© o √∫nico pa√≠s do mundo, que tem mais visitas de l√≠deres mundiais a uma pris√£o, do que ao pal√°cio presidencial‚Ä¶"
Sat Sep 01 02:14:24 +0000 2018,"RT @PauloMartins10: ""Um juiz tem lealdade √† Constitui√ß√£o e √†s leis do seu pa√≠s. Um militante tem lealdade ao seu partido. Militantes s√£o co‚Ä¶"
Sat Sep 01 02:14:24 +0000 2018,"RT @diegoescosteguy: Admar vota contra Lula. 4 a 1. O ex-presidente n√£o poder√° ser candidato - salvo se obtiver um improv√°vel, bem improv√°v‚Ä¶"
Sat Sep 01 02:14:24 +0000 2018,Kkkkkkkkkkkk vit√≥ria do Brasil Lula esta oficialmente inelegivel - impedido de concorrer nas elei√ß√µes. Chupaaaaa es‚Ä¶ https://t.co/UTfmyKC9Od
Sat Sep 01 02:14:24 +0000 2018,RT @Estadao: URGENTE: TSE forma maioria para barrar candidatura de Lula https://t.co/AqOQz5ktHP -via @EstadaoPolitica https://t.co/MShcFaY5‚Ä¶
Sat Sep 01 02:14:24 +0000 2018,"TSE 
Brasil 04 X Lula 01"
Sat Sep 01 02:14:24 +0000 2018,RT @RdGuaibaOficial: Placar no TSE √© de 3 a 1 contra candidatura de Lula √† Presid√™ncia https://t.co/FnG8fhU5rW
Sat Sep 01 02:14:24 +0000 2018,RT @o_antagonista: ADMAR TAMB√âM VETA LULA. https://t.co/JSyihSm6P3
Sat Sep 01 02:14:24 +0000 2018,RT @SergioCabralRJ: Falei ao telefone com o Presidente Lula. Ele esta muito feliz e emocionado
Sat Sep 01 02:14:24 +0000 2018,"@brnotgomes @OlivettiFelipe Voto no bolsonaro mas esse tipo de atitude √© s√≥ pra causar, o cara nem leu a merda que‚Ä¶ https://t.co/6E3k3GQVVG"
Sat Sep 01 02:14:24 +0000 2018,"RT @RenovaMidia: #URGENTE

A maioria do Tribunal Superior Eleitoral (TSE) j√° rejeitou o registro da candidatura ao Planalto do presidi√°rio‚Ä¶"
Sat Sep 01 02:14:24 +0000 2018,"RT @pimentelminas: Assista ao programa eleitoral de @LulaOficial que Barroso tem medo que passe na TV. Mostre para os amigos, compartilhe.‚Ä¶"
Sat Sep 01 02:14:24 +0000 2018,"4 a 1. ""Mantenho a posi√ß√£o de indeferimento do registro (da candidatura de Lula)"", diz Admar Gonzaga, acompanhando‚Ä¶ https://t.co/H1ByIlWwRO"
Sat Sep 01 02:14:24 +0000 2018,RT @carlastrass: Resta saber aonde Fachin vai se esconder! √â preocupante que ele continue como relator da Lava Jato. https://t.co/tBuy15OVwz
Sat Sep 01 02:14:24 +0000 2018,Acabou essa palha√ßada agora?
Sat Sep 01 02:14:25 +0000 2018,"RT @Desesquerdizada: No TSE: Admar Gonzaga Neto confirma voto CONTRA a candidatura do criminoso Lula.
ACABOU! ACABOU! ACABOU! √â TETRA! √â TE‚Ä¶"
Fri Dec 28 06:09:35 +0000 2018,"RT @arthurdiz: Pra quem j√° assistiu Bird Box e n√£o entendeu o significado do filme, √© sobre uma galera que votou no Bolsonaro e n√£o queriam‚Ä¶"
Fri Dec 28 06:09:38 +0000 2018,"RT @arthurdiz: Pra quem j√° assistiu Bird Box e n√£o entendeu o significado do filme, √© sobre uma galera que votou no Bolsonaro e n√£o queriam‚Ä¶"
Fri Dec 28 06:09:39 +0000 2018,"RT @arthurdiz: Pra quem j√° assistiu Bird Box e n√£o entendeu o significado do filme, √© sobre uma galera que votou no Bolsonaro e n√£o queriam‚Ä¶"
Fri Dec 28 06:09:41 +0000 2018,"RT @arthurdiz: Pra quem j√° assistiu Bird Box e n√£o entendeu o significado do filme, √© sobre uma galera que votou no Bolsonaro e n√£o queriam‚Ä¶"
Fri Dec 28 06:09:43 +0000 2018,"RT @cynaramenezes: bolsominion que se preza:

n√£o acredita na inoc√™ncia do lula
n√£o acredita no golpe contra dilma
n√£o acredita na imprensa‚Ä¶"
Fri Dec 28 06:09:44 +0000 2018,Pol√≠cia Federal vai apurar suposta amea√ßa terrorista √† posse de Bolsonaro https://t.co/Q7MClpi8lN
Fri Dec 28 06:09:51 +0000 2018,"RT @heversonsantos5: VC SABIA Q EM 2007 LULA CRIOU A  TV BRASIL?

TV P√öBLICA Q EMPREGA ""COMPANHEIROS"" DA IMPRENSA. COM ""ZERO"" DE AUDI√äNCIA‚Ä¶"
Fri Dec 28 06:09:58 +0000 2018,"RT @UOLNoticias: Propostas de Bolsonaro podem causar danos duradouros ao Brasil, dizem organiza√ß√µes dos EUA https://t.co/hzlwKg6gam"
Fri Dec 28 06:10:03 +0000 2018,RT @pocatrasada: eleitor do bolsonaro durante os  pr√≥ximos 4 anos https://t.co/mUAmzabP0j
Fri Dec 28 06:10:04 +0000 2018,"RT @arthurdiz: Pra quem j√° assistiu Bird Box e n√£o entendeu o significado do filme, √© sobre uma galera que votou no Bolsonaro e n√£o queriam‚Ä¶"
Fri Dec 28 06:10:04 +0000 2018,"RT @foIha_sp: Jornalista pergunta: ""cade o Queiroz?"" e Bolsonaro responde: ""t√° comendo cu de curioso""
https://t.co/lcN9ITJaAC https://t.co/‚Ä¶"
Fri Dec 28 06:10:04 +0000 2018,@_pazraiz @MoraiFelipe @RODRIGOPILHA @PTnoSenado @jairbolsonaro @zehdeabreu @xicosa @pecesiqueira @rogeriotomazjr‚Ä¶ https://t.co/P7rUDPyS6s
Fri Dec 28 06:10:09 +0000 2018,"RT @arte_prima: Fabricio Queir√≥s
SBT Brasil

Lembro perfeitamente, Bolsonaro justificando os R$24 Mil q a esposa Michele recebeu do Queir√≥s‚Ä¶"
Fri Dec 28 06:10:09 +0000 2018,"RT @arthurdiz: Pra quem j√° assistiu Bird Box e n√£o entendeu o significado do filme, √© sobre uma galera que votou no Bolsonaro e n√£o queriam‚Ä¶"
Fri Dec 28 06:10:10 +0000 2018,"RT @AV_Teodoro: Benjamin Netanyahu ser√° o primeiro premi√™ de Israel em visita ao pa√≠s, a narrativa falaciosa da esquerda de que o Bolsonaro‚Ä¶"
Fri Dec 28 06:10:11 +0000 2018,Caso de caixa 2 na elei√ßao de bolsonaro e flavio bolsonaro https://t.co/twNReslyrr via @YouTube
Fri Dec 28 06:10:13 +0000 2018,"RT @arthurdiz: Pra quem j√° assistiu Bird Box e n√£o entendeu o significado do filme, √© sobre uma galera que votou no Bolsonaro e n√£o queriam‚Ä¶"
Fri Dec 28 06:10:16 +0000 2018,Vamos morrer pqp
Fri Dec 28 06:10:16 +0000 2018,"Maior besteira √© brigar por causa de pol√≠tica, ainda mais com familiar.

Minha fam√≠lia paterna votou no Haddad e mi‚Ä¶ https://t.co/aNTwrEgKze"
Fri Dec 28 06:10:16 +0000 2018,Algu√©m tira Alexandre daqui baixou o Bolsonaro nele e agora eu n consigo dormir
Fri Dec 28 06:10:17 +0000 2018,"RT @arthurdiz: Pra quem j√° assistiu Bird Box e n√£o entendeu o significado do filme, √© sobre uma galera que votou no Bolsonaro e n√£o queriam‚Ä¶"
Fri Dec 28 06:10:19 +0000 2018,RT @ckekell: eu quero que mc elvis e bolsonaro tomem no cu
Fri Dec 28 06:10:20 +0000 2018,"RT @RenovaMidia: Antes de embarcar para o #Brasil, Benjamin Netanyahu declarou:

""√â uma grande mudan√ßa que Bolsonaro lidera, e estou feliz‚Ä¶"
Fri Dec 28 06:10:20 +0000 2018,RT @trajaza: Cinco do governo Bolsonaro ser√° investigado. Isso tudo pr√≥ximo ano j√°.
Fri Dec 28 06:10:21 +0000 2018,RT @freireCPA: Olha o n√≠vel do presidente https://t.co/thdjEOVZsM
Fri Dec 28 06:10:21 +0000 2018,"RT @LulaOficial: Em 2019, nosso grito ser√° Lula Livre. Porque o Brasil precisa de Justi√ßa. Essa √© a mensagem do Comit√™ Lula Livre para todo‚Ä¶"
Fri Dec 28 06:10:22 +0000 2018,"tipo a bunda dela √© t√£o grande que da at√© pra morar 

- Jair Messias Bolsonaro"
Fri Dec 28 06:10:25 +0000 2018,RT @lulaeuteamo: o bolsonaro e feio
Fri Dec 28 06:10:27 +0000 2018,"RT @siraYama: @depChicoAlencar A √öNICA COISA SINCERA QUE O QUEIROZ DISSE ONTEM: ""Quero pedir desculpa √† fam√≠lia Bolsonaro. Tira a imprensa‚Ä¶"
Fri Dec 28 06:10:29 +0000 2018,bolsonaro foi eleito sem debate e eu me apaixonei por vc sem te beijar
Fri Dec 28 06:10:29 +0000 2018,"RT @JuBlack111: Sistema Bolsonaro de Televis√£o, a esquerdalha pira. https://t.co/798aJ53oXC"
Fri Dec 28 06:10:33 +0000 2018,@jairbolsonaro Ver o qui o Sr vai fazer no Bolsonaro ajudar a popula√ß√£o brasileira e os pobres ...
Fri Dec 28 06:10:35 +0000 2018,"RT @aguedescartoon: Bandido de fuzil √© guarda-chuva
Tiro na vidra√ßa dos outros √© bolinha de gude
Facada no bucho do Bolsonaro √© arma√ß√£o pra‚Ä¶"
Fri Dec 28 06:10:36 +0000 2018,"RT @luciano_hang: Manuela esta camiseta por exemplo vendemos durante toda campanha do Bolsonaro por 9,99. Porque a sua custa t√£o caro?? 60‚Ä¶"
Fri Dec 28 06:10:39 +0000 2018,RT @blogdosakamoto: Se o pr√≥ximo governo confirmar o perd√£o de R$ 17 bilh√µes em d√≠vidas do agroneg√≥cio ao Funrural (contribui√ß√£o previdenci‚Ä¶
Fri Dec 28 06:10:40 +0000 2018,"RT @arthurdiz: Pra quem j√° assistiu Bird Box e n√£o entendeu o significado do filme, √© sobre uma galera que votou no Bolsonaro e n√£o queriam‚Ä¶"
Fri Dec 28 06:10:42 +0000 2018,"RT @arthurdiz: Pra quem j√° assistiu Bird Box e n√£o entendeu o significado do filme, √© sobre uma galera que votou no Bolsonaro e n√£o queriam‚Ä¶"
Fri Dec 28 06:10:44 +0000 2018,"RT @hospicio_brasil: O desespero pra tirar o Queiroz do notici√°rio √© pat√©tico.
https://t.co/Y8vVzGzhXy"
Fri Dec 28 06:10:45 +0000 2018,"RT @arthurdiz: Pra quem j√° assistiu Bird Box e n√£o entendeu o significado do filme, √© sobre uma galera que votou no Bolsonaro e n√£o queriam‚Ä¶"
Fri Dec 28 06:10:51 +0000 2018,"RT @arthurdiz: Pra quem j√° assistiu Bird Box e n√£o entendeu o significado do filme, √© sobre uma galera que votou no Bolsonaro e n√£o queriam‚Ä¶"
Fri Dec 28 06:10:55 +0000 2018,RT @Yanzin4: ‚ÄúBird Box √© um filme sobre pessoas que votaram no Bolsonaro e hoje andam vendadas pra n√£o verem a merda que fizeram e terem vo‚Ä¶
Fri Dec 28 06:10:55 +0000 2018,"RT @andrefran: Que pessoas tristes. 
De f√©rias, viajando, com a fam√≠lia, Natal... mas o √≥dio sempre corroendo o peito. Mascarando rancores,‚Ä¶"
Fri Dec 28 06:11:04 +0000 2018,Ex-presidente preso | MP quer que recurso de Lula por absolvi√ß√£o seja julgado por Turma do STJ‚Ä¶ https://t.co/izaXXxvBl1
Fri Dec 28 06:11:07 +0000 2018,"RT @AlexBRfour: N√£o precisa nem explicar o porqu√™, concordam?

Ent√£o, deem rtt e vamos mostrar pr√° certas emissoras esquerdistas, anti-Bols‚Ä¶"
Fri Dec 28 06:11:11 +0000 2018,"RT @adrianotomasoni: Usina de dessaliniza√ß√£o da Emprapa  / Usina dessaliniza√ß√£o Israel.

O √≥dio pelo Bolsonaro supera a raz√£o.. https://t.c‚Ä¶"
Fri Dec 28 06:11:12 +0000 2018,"RT @arthurdiz: Pra quem j√° assistiu Bird Box e n√£o entendeu o significado do filme, √© sobre uma galera que votou no Bolsonaro e n√£o queriam‚Ä¶"
Fri Dec 28 06:11:17 +0000 2018,"Bolsonaro trar√° danos duradouros ao Brasil, alertam organiza√ß√µes estrangeiras - Blog da Cidadania https://t.co/0GBa4XbmO1"
Fri Dec 28 06:11:19 +0000 2018,"RT @arthurdiz: Pra quem j√° assistiu Bird Box e n√£o entendeu o significado do filme, √© sobre uma galera que votou no Bolsonaro e n√£o queriam‚Ä¶"
Fri Dec 28 06:11:20 +0000 2018,"RT @palmeriodoria: HERAN√áA MALDITA
Dez do Temer com Bolsonaro e sete com Doria. Portanto, desde j√°: Fora Bolsonaro! Fora Doria!"
Fri Dec 28 06:11:23 +0000 2018,"RT @arthurdiz: Pra quem j√° assistiu Bird Box e n√£o entendeu o significado do filme, √© sobre uma galera que votou no Bolsonaro e n√£o queriam‚Ä¶"
Fri Dec 28 06:11:32 +0000 2018,RT @republica_ctba: Embaixador israelense desmente m√≠dia e confirma Netanyahu em posse de Bolsonaro https://t.co/mm3vPRXdIO
Fri Dec 28 06:11:38 +0000 2018,"RT @arthurdiz: Pra quem j√° assistiu Bird Box e n√£o entendeu o significado do filme, √© sobre uma galera que votou no Bolsonaro e n√£o queriam‚Ä¶"
Fri Dec 28 06:11:44 +0000 2018,"RT @arthurdiz: Pra quem j√° assistiu Bird Box e n√£o entendeu o significado do filme, √© sobre uma galera que votou no Bolsonaro e n√£o queriam‚Ä¶"
Fri Dec 28 06:11:44 +0000 2018,RT @luciliaferraz: @ManuelaDavila Tem daquela camiseta que a primeira dama Michele Bolsonaro estava usando?
Fri Dec 28 06:11:48 +0000 2018,"RT @_Marc_Oliv: @folha √â fant√°stico ver ‚Äúintelectuais‚Äù propondo solu√ß√µes para o Brasil.

Como se tivessem a ‚Äúchave mestra‚Äù e fossem o ‚Äúazul‚Ä¶"
Fri Dec 28 06:11:49 +0000 2018,@folha Deu errado por que? √â pq n√£o tem nenhum ladr√£o corrupto presidi√°rio como o Luis In√°cio Lula da Silva? A Folh‚Ä¶ https://t.co/2hoM6cbXD1
Fri Dec 28 06:11:50 +0000 2018,"RT @arthurdiz: Pra quem j√° assistiu Bird Box e n√£o entendeu o significado do filme, √© sobre uma galera que votou no Bolsonaro e n√£o queriam‚Ä¶"
Fri Dec 28 06:11:51 +0000 2018,"RT @da_goiabeira: Para apoiar Bolsonaro a pessoa √©:

1) milion√°ria- para lucrar mais precisa acabar com os direitos dos funcion√°rios;

2) S‚Ä¶"
Fri Dec 28 06:11:52 +0000 2018,"RT @arthurdiz: Pra quem j√° assistiu Bird Box e n√£o entendeu o significado do filme, √© sobre uma galera que votou no Bolsonaro e n√£o queriam‚Ä¶"
Fri Dec 28 06:11:54 +0000 2018,"RT @arthurdiz: Pra quem j√° assistiu Bird Box e n√£o entendeu o significado do filme, √© sobre uma galera que votou no Bolsonaro e n√£o queriam‚Ä¶"
Fri Dec 28 06:12:00 +0000 2018,"RT @DrJnior1: Isso √© fake, todos sabem que os filhos do Lula est√£o podres de rico e esse teatro √© apenas pano de fundo para que n√£o se inve‚Ä¶"
Fri Dec 28 06:12:04 +0000 2018,"RT @arthurdiz: Pra quem j√° assistiu Bird Box e n√£o entendeu o significado do filme, √© sobre uma galera que votou no Bolsonaro e n√£o queriam‚Ä¶"
Fri Dec 28 06:12:07 +0000 2018,"RT @folha: 'Achista, futuro governo Bolsonaro quer mudar uma tradi√ß√£o', diz leitor https://t.co/joCS63mG78"
Fri Dec 28 06:12:13 +0000 2018,"RT @arthurdiz: Pra quem j√° assistiu Bird Box e n√£o entendeu o significado do filme, √© sobre uma galera que votou no Bolsonaro e n√£o queriam‚Ä¶"
Fri Dec 28 06:12:15 +0000 2018,"RT @IvanValente: Gente!O vice,Gen Mour√£o disse que est√° satisfeito com as explica√ß√µes fajutas de Queir√≥z ao SBT, sobre as bandalheiras da f‚Ä¶"
Fri Dec 28 06:12:16 +0000 2018,"RT @AleBlackmore: Parei de ler Tetas do Reinaldo muito antes dessa revolta delas com Bolsonaro. 

Tetas escreveu um texto distorcendo a a√ß√£‚Ä¶"
Fri Dec 28 06:12:21 +0000 2018,Falar mal de um governo que nem come√ßou. Seria como falar de um bolo sem assar no forno.
Fri Dec 28 06:12:23 +0000 2018,"a tradi√ß√£o de falar q eh culpa do pt
agora vai ser culpa do bolsonaro"
Fri Dec 28 06:12:27 +0000 2018,"RT @LulaOficial: Em 2019, nosso grito ser√° Lula Livre. Porque o Brasil precisa de Justi√ßa. Essa √© a mensagem do Comit√™ Lula Livre para todo‚Ä¶"
Fri Dec 28 06:12:28 +0000 2018,"Facebook √© nojento, infestado de seguidores do Bolsonaro, que compartilham e comentam v√≠deos sem ter ao menos a cap‚Ä¶ https://t.co/IADuSwsMxI"
Fri Dec 28 06:12:30 +0000 2018,"RT @arthurdiz: Pra quem j√° assistiu Bird Box e n√£o entendeu o significado do filme, √© sobre uma galera que votou no Bolsonaro e n√£o queriam‚Ä¶"
Fri Dec 28 06:12:30 +0000 2018,RT @GlassiF: Se Lula morrer os petistas v√£o acampar no cemit√©rio ... chamar Deus de golpista ... Jesus de facista e v√£o lan√ßar a hashtag üëâ‚Ä¶
Fri Dec 28 06:12:31 +0000 2018,ü§¶üèª‚Äç‚ôÇÔ∏è criei Twitter pra ver essas merda aqui
Fri Dec 28 06:12:32 +0000 2018,"RT @arthurdiz: Pra quem j√° assistiu Bird Box e n√£o entendeu o significado do filme, √© sobre uma galera que votou no Bolsonaro e n√£o queriam‚Ä¶"
Fri Dec 28 06:12:33 +0000 2018,"RT @arthurdiz: Pra quem j√° assistiu Bird Box e n√£o entendeu o significado do filme, √© sobre uma galera que votou no Bolsonaro e n√£o queriam‚Ä¶"
Fri Dec 28 06:12:37 +0000 2018,"@IvanValente Ele n√£o √© o motorista do Lula...Ent√£o, n√£o vem a caso.
Orange Gate..."
Fri Dec 28 06:12:38 +0000 2018,RT @Marcelodedois: MACONHEIRO eu sou e gosto quando me chamam ... quer me xingar ? Me chama de Bolsonaro!
Fri Dec 28 06:12:38 +0000 2018,"RT @arthurdiz: Pra quem j√° assistiu Bird Box e n√£o entendeu o significado do filme, √© sobre uma galera que votou no Bolsonaro e n√£o queriam‚Ä¶"
Fri Dec 28 06:12:40 +0000 2018,"RT @GenPauloChagas: H√° tempos, Lula da Silva revelou a exist√™ncia de 300 picaretas no Congresso Nacional.
Por que falou s√≥ em 300?¬† Afinal,‚Ä¶"
Fri Dec 28 06:12:43 +0000 2018,"RT @mjcosta_: ""Mulher √© livre para vestir o que quiser"", a menos que seja a Michelle Bolsonaro com uma camiseta em homenagem a maior respos‚Ä¶"
Fri Dec 28 06:12:43 +0000 2018,"RT @arthurdiz: Pra quem j√° assistiu Bird Box e n√£o entendeu o significado do filme, √© sobre uma galera que votou no Bolsonaro e n√£o queriam‚Ä¶"
Fri Dec 28 06:12:44 +0000 2018,"RT @arthurdiz: Pra quem j√° assistiu Bird Box e n√£o entendeu o significado do filme, √© sobre uma galera que votou no Bolsonaro e n√£o queriam‚Ä¶"
Fri Dec 28 06:12:45 +0000 2018,RT @MatiasSpektor: Bolsonaro tentar√° bater na China para conseguir alguma defer√™ncia pessoal de Trump. Pode at√© atrair holofotes ao faz√™-lo‚Ä¶
Fri Dec 28 06:12:47 +0000 2018,RT @vinigusmao: bolsonaro foi eleito sem debate e eu me apaixonei por vc sem te beijar
Fri Dec 28 06:12:49 +0000 2018,RT @claudio_pombal: OAB diz que vai fiscalizar o governo de Jair Bolsonaro. Ent√£o eu pergunto: onde a OAB estava nesses 14 anos de roubalhe‚Ä¶
Fri Dec 28 06:12:50 +0000 2018,Gostei de um v√≠deo @YouTube https://t.co/3Jt36z87Ja com o Presidente Eleito Jair Bolsonaro
Fri Dec 28 06:12:51 +0000 2018,"RT @Antonio00438010: üòéüòéüòé EFEITO BOLSONARO! A Lei e a Ordem voltando
Pessoas de bem q moram embaixo de viaduto impedem um vagabundo de rouba‚Ä¶"
Fri Dec 28 06:12:51 +0000 2018,Reparem no tio apaixonado pelo Lula
Fri Dec 28 06:12:56 +0000 2018,"RT @Clauwild1: Nem chegamos em 2019, Bolsonaro n√£o assumiu ainda e a comunista @ManuelaDavila j√° anunciou seu ingresso na iniciativa privad‚Ä¶"
Fri Dec 28 06:12:57 +0000 2018,"Lula foi o mandante do assassinato de Celso Daniel, confirma Marcos Val√©rio https://t.co/IjAieiyiua"
Fri Dec 28 06:12:57 +0000 2018,"RT @GSIOficial: Grupo que promete atacar Bolsonaro na posse diz que est√° alinhado ao PCC no uso de explosivos C4, apurou a PF: https://t.co‚Ä¶"
Fri Dec 28 06:12:59 +0000 2018,"RT @chico_pinheiro: Valor Econ√¥mico - Aliados de Bolsonaro t√™m um medo, e ele tem um nome: Queiroz - https://t.co/UKla6hlulW"
Fri Dec 28 06:13:00 +0000 2018,"RT @arthurdiz: Pra quem j√° assistiu Bird Box e n√£o entendeu o significado do filme, √© sobre uma galera que votou no Bolsonaro e n√£o queriam‚Ä¶"
Fri Dec 28 06:13:03 +0000 2018,"RT @heliodibatec: ESSES ABSURDOS EST√ÉO COM OS DIAS CONTADOS!
VAMOS JUNTOS MUDAR ESSE BRASIL!
A EDUCA√á√ÉO VAI SER A CHAVE DA MUDAN√áA!
#bolson‚Ä¶"
Fri Dec 28 06:13:08 +0000 2018,"RT @flaviomorgen: Uma d√∫vida de quem n√£o √© do Direito: pra voc√™ ser preso no Brasil, voc√™ sempre precisou passar por 3 inst√¢ncias, consulta‚Ä¶"
Fri Dec 28 06:13:09 +0000 2018,RT @freireCPA: Olha o n√≠vel do presidente https://t.co/thdjEOVZsM
Fri Dec 28 06:13:10 +0000 2018,"RT @N_Carvalheira: Quando saberemos quanto Rosemary Noronha, concubina de Lula, gastou com cart√µes corporativos?

Por que s√£o secretos esse‚Ä¶"
Fri Dec 28 06:13:11 +0000 2018,"RT @folha: Governo Bolsonaro j√° deu errado, mas pode sobreviver a si mesmo https://t.co/2MVXmaiSFB"
Fri Dec 28 06:13:15 +0000 2018,"RT @arthurdiz: Pra quem j√° assistiu Bird Box e n√£o entendeu o significado do filme, √© sobre uma galera que votou no Bolsonaro e n√£o queriam‚Ä¶"
Fri Dec 28 06:13:15 +0000 2018,RT @PatoCorporation: Procurador @deltanmd e coleguinhas da for√ßa Farofa da Farsa a Jato usaram at√© ticket de ped√°gio como PROVA p incrimina‚Ä¶
